"","mine","latitude","longitude","metals_all","mine_type"
"1","Abagas",53.2810052,89.5887663,"Iron","Open pit"
"2","Aijala",53.2810052,89.5887663,"Iron","Open pit"
"3","Aitik",63.8215373,24.9882165,"Nickel","Surface mine"
"4","Aitik",63.8215373,24.9882165,"Copper","Surface mine"
"5","Aitik",63.8215373,24.9882165,"Zinc","Surface mine"
"6","Aitik",63.8215373,24.9882165,"Lead","Surface mine"
"7","Alaska-Gastineau",63.8215373,24.9882165,"Nickel","Surface mine"
"8","Alaska-Gastineau",63.8215373,24.9882165,"Copper","Surface mine"
"9","Alaska-Gastineau",63.8215373,24.9882165,"Zinc","Surface mine"
"10","Alaska-Gastineau",63.8215373,24.9882165,"Lead","Surface mine"
"11","Alaska-Juneau",63.8215373,24.9882165,"Nickel","Surface mine"
"12","Alaska-Juneau",63.8215373,24.9882165,"Copper","Surface mine"
"13","Alaska-Juneau",63.8215373,24.9882165,"Zinc","Surface mine"
"14","Alaska-Juneau",63.8215373,24.9882165,"Lead","Surface mine"
"15","Alaska-Juneau",67.0732977,20.9619407,"Copper","Open pit"
"16","Aldermac",58.2950105,-134.4159769,"Gold","Unclear"
"17","Altay",58.2950105,-134.4159769,"Gold","Unclear"
"18","Amax/Kitsault",58.2950105,-134.4159769,"Gold","Unclear"
"19","Amax/Kitsault",58.2630977,-134.341188,"Gold","Unclear"
"20","Ammeberg",48.2526417,-79.4792361,"Zinc","Unclear"
"21","Ammeberg",48.2526417,-79.4792361,"Copper","Unclear"
"22","Anaconda",55.4692038,60.200233,"Zinc","Unclear"
"23","Anaconda",55.4692038,60.200233,"Gold","Unclear"
"24","Apatity",55.4692038,60.200233,"Zinc","Unclear"
"25","Apatity",55.4692038,60.200233,"Gold","Unclear"
"26","Apatity",55.4692038,60.200233,"Zinc","Unclear"
"27","Apatity",55.4692038,60.200233,"Gold","Unclear"
"28","Apollo",55.4692038,60.200233,"Zinc","Unclear"
"29","Apollo",55.4692038,60.200233,"Gold","Unclear"
"30","Arctic Gold and Silver",55.474535,-129.4872477,"Molybdenum","Open pit"
"31","Arctic Gold and Silver",55.474535,-129.4872477,"Lead","Open pit"
"32","Arctic Gold and Silver",55.474535,-129.4872477,"Zinc","Open pit"
"33","Baleyzoloto",50.5949464,-127.4834817,"Copper","Open pit"
"34","Baleyzoloto",50.5949464,-127.4834817,"Molybdenum","Open pit"
"35","Balmer Lake",50.5949464,-127.4834817,"Copper","Open pit"
"36","Balmer Lake",50.5949464,-127.4834817,"Molybdenum","Open pit"
"37","Bashkirian",50.5949464,-127.4834817,"Copper","Open pit"
"38","Bashkirian",50.5949464,-127.4834817,"Molybdenum","Open pit"
"39","Bashkirian",50.5949464,-127.4834817,"Copper","Open pit"
"40","Bashkirian",50.5949464,-127.4834817,"Molybdenum","Open pit"
"41","Bashkirian",58.7798898,15.0944683,"Zinc","Surface mine"
"42","Bathurst",67.634056,33.2540033,"Iron","Surface mine"
"43","Bathurst",67.634056,33.2540033,"Copper","Surface mine"
"44","Bathurst",67.634056,33.2540033,"Molybdenum","Surface mine"
"45","Bathurst",67.634056,33.2540033,"Iron","Surface mine"
"46","Bathurst",67.634056,33.2540033,"Copper","Surface mine"
"47","Bathurst",67.634056,33.2540033,"Molybdenum","Surface mine"
"48","Bauman",67.634056,33.2540033,"Iron","Surface mine"
"49","Bauman",67.634056,33.2540033,"Copper","Surface mine"
"50","Bauman",67.634056,33.2540033,"Molybdenum","Surface mine"
"51","Beatson",67.634056,33.2540033,"Iron","Surface mine"
"52","Beatson",67.634056,33.2540033,"Copper","Surface mine"
"53","Beatson",67.634056,33.2540033,"Molybdenum","Surface mine"
"54","Bell Copper",67.634056,33.2540033,"Iron","Unclear"
"55","Bell Copper",67.634056,33.2540033,"Copper","Unclear"
"56","Bell Copper",67.634056,33.2540033,"Nickel","Unclear"
"57","Bell Island",67.634056,33.2540033,"Iron","Unclear"
"58","Bell Island",67.634056,33.2540033,"Copper","Unclear"
"59","Bell Island",67.634056,33.2540033,"Nickel","Unclear"
"60","Belovo",67.634056,33.2540033,"Iron","Unclear"
"61","Belovo",67.634056,33.2540033,"Copper","Unclear"
"62","Belovo",67.634056,33.2540033,"Nickel","Unclear"
"63","Benson Lake Coast",67.634056,33.2540033,"Iron","Unclear"
"64","Benson Lake Coast",67.634056,33.2540033,"Copper","Unclear"
"65","Benson Lake Coast",67.634056,33.2540033,"Nickel","Unclear"
"66","Berikul",67.634056,33.2540033,"Iron","Surface mine"
"67","Berikul",67.634056,33.2540033,"Copper","Surface mine"
"68","Berikul",67.634056,33.2540033,"Molybdenum","Surface mine"
"69","Berikul",55.1913871,-160.5813986,"Gold","Underground mine"
"70","Bersbo",55.1913871,-160.5813986,"Gold","Underground mine"
"71","Birch Creek",60.7700383,-135.1867623,"Copper","Unclear"
"72","Birch Creek",60.7700383,-135.1867623,"Gold","Unclear"
"73","Birch Creek",60.7700383,-135.1867623,"Silver","Unclear"
"74","Birch Creek",60.7700383,-135.1867623,"Copper","Unclear"
"75","Birch Creek",60.7700383,-135.1867623,"Gold","Unclear"
"76","Birch Creek",60.7700383,-135.1867623,"Silver","Unclear"
"77","Bjørgåsen",60.7700383,-135.1867623,"Copper","Unclear"
"78","Bjørgåsen",60.7700383,-135.1867623,"Gold","Unclear"
"79","Bjørgåsen",60.7700383,-135.1867623,"Silver","Unclear"
"80","Bjørnevatn",52.0699393,113.6740353,"Gold","Placer mine"
"81","Black Angel",52.0699393,113.6740353,"Gold","Placer mine"
"82","Black Angel",52.0699393,113.6740353,"Gold","Placer mine"
"83","Black Creek",52.0699393,113.6740353,"Gold","Placer mine"
"84","Blue Grouse Mountain",52.0699393,113.6740353,"Gold","Placer mine"
"85","Bluebell",51.0657934,-93.7481027,"Gold","Surface mine"
"86","Boliden concentration plant",52.694888,58.638279,"Copper","Unclear"
"87","Boliden concentration plant",52.694888,58.638279,"Zinc","Unclear"
"88","Boliden Kevitsa",52.694888,58.638279,"Copper","Open pit"
"89","Boliden Kevitsa",52.694888,58.638279,"Zinc","Open pit"
"90","Boston-Richardson",52.694888,58.638279,"Copper","Open pit"
"91","Boston-Richardson",52.694888,58.638279,"Iron","Open pit"
"92","Bouchard Hebert",47.6650746,-65.7127457,"Lead","Surface mine"
"93","Bouchard Hebert",47.6650746,-65.7127457,"Zinc","Surface mine"
"94","Britannia Beach",47.6650746,-65.7127457,"Lead","Unclear"
"95","Britannia Beach",47.6650746,-65.7127457,"Zinc","Unclear"
"96","Britannia Beach",68.148919,33.2007333,"Iron","Open pit"
"97","Brunswick",60.5548858,-147.770426,"Copper","Open pit"
"98","Brunswick",60.5548858,-147.770426,"Copper","Open pit"
"99","Brunswick",60.5548858,-147.770426,"Copper","Open pit"
"100","Brunswick",55.0016391,-126.2341227,"Copper","Open pit"
"101","Buchans",47.6262264,-52.972078,"Iron","Unclear"
"102","Canadian Malartic",50.3874824,-127.2495217,"Copper","Surface mine"
"103","Capelton",56.216446,87.0321423,"Gold","Unclear"
"104","Caribou",54.2462042,85.7785177,"Silver","Underground mine"
"105","Caribou",54.2462042,85.7785177,"Gold","Underground mine"
"106","Caribou",54.2462042,85.7785177,"Zinc","Underground mine"
"107","Caribou",54.2462042,85.7785177,"Silver","Underground mine"
"108","Caribou",54.2462042,85.7785177,"Gold","Underground mine"
"109","Caribou",54.2462042,85.7785177,"Zinc","Underground mine"
"110","Carol Lake",54.2462042,85.7785177,"Silver","Underground mine"
"111","Carol Lake",54.2462042,85.7785177,"Gold","Underground mine"
"112","Carol Lake",54.2462042,85.7785177,"Zinc","Underground mine"
"113","Casa Berardi",58.2610368,16.0394103,"Copper","Surface mine"
"114","Central Manitoba",58.2610368,16.0394103,"Copper","Surface mine"
"115","Central Manitoba",66.2596141,-145.8213907,"Gold","Placer mine"
"116","Chatanika River",65.094218,-148.5113396,"Gold","Placer mine"
"117","Chatanika River",65.094218,-148.5113396,"Gold","Placer mine"
"118","Cinnabar Creek",65.094218,-148.5113396,"Gold","Placer mine"
"119","Circle Mining District ",65.094218,-148.5113396,"Gold","Placer mine"
"120","Cobalt and Silver Center region",65.094218,-148.5113396,"Gold","Placer mine"
"121","Cominco's Sullivan",62.647552,11.3069335,"Copper","Unclear"
"122","Con",69.6398,30.0099,"Iron","Open pit"
"123","Con",71.1167,-51.25,"Zinc","Unclear"
"124","Con",71.1167,-51.25,"Lead","Unclear"
"125","Con",71.1167,-51.25,"Zinc","Unclear"
"126","Con",71.1167,-51.25,"Lead","Unclear"
"127","Copper Cliff",65.7615887,-111.2441185,"Gold","Unclear"
"128","Copper Cliff",65.7615887,-111.2441185,"Nickel","Unclear"
"129","Copper Cliff",65.7615887,-111.2441185,"Copper","Unclear"
"130","Copper Cliff",65.7615887,-111.2441185,"Zinc","Unclear"
"131","Copper Cliff",65.7615887,-111.2441185,"Lead","Unclear"
"132","Copper Cliff",65.7615887,-111.2441185,"Gold","Unclear"
"133","Copper Cliff",65.7615887,-111.2441185,"Nickel","Unclear"
"134","Copper Cliff",65.7615887,-111.2441185,"Copper","Unclear"
"135","Copper Cliff",65.7615887,-111.2441185,"Zinc","Unclear"
"136","Copper Cliff",65.7615887,-111.2441185,"Lead","Unclear"
"137","Copper Cliff",65.7615887,-111.2441185,"Gold","Unclear"
"138","Copper Cliff",65.7615887,-111.2441185,"Nickel","Unclear"
"139","Copper Cliff",65.7615887,-111.2441185,"Copper","Unclear"
"140","Copper Cliff",65.7615887,-111.2441185,"Zinc","Unclear"
"141","Copper Cliff",65.7615887,-111.2441185,"Lead","Unclear"
"142","Copper Cliff",65.7615887,-111.2441185,"Gold","Unclear"
"143","Copper Cliff",65.7615887,-111.2441185,"Nickel","Unclear"
"144","Copper Cliff",65.7615887,-111.2441185,"Copper","Unclear"
"145","Copper Cliff",65.7615887,-111.2441185,"Zinc","Unclear"
"146","Copper Cliff",65.7615887,-111.2441185,"Lead","Unclear"
"147","Cow Bay",65.7615887,-111.2441185,"Gold","Unclear"
"148","Cow Bay",65.7615887,-111.2441185,"Nickel","Unclear"
"149","Cow Bay",65.7615887,-111.2441185,"Copper","Unclear"
"150","Cow Bay",65.7615887,-111.2441185,"Zinc","Unclear"
"151","Cow Bay",65.7615887,-111.2441185,"Lead","Unclear"
"152","Crean Hill",65.7615887,-111.2441185,"Gold","Unclear"
"153","Crean Hill",65.7615887,-111.2441185,"Nickel","Unclear"
"154","Crean Hill",65.7615887,-111.2441185,"Copper","Unclear"
"155","Crean Hill",65.7615887,-111.2441185,"Zinc","Unclear"
"156","Crean Hill",65.7615887,-111.2441185,"Lead","Unclear"
"157","Dannemora",52.2918883,-121.100108,"Gold","Placer mine"
"158","Dawson City area",49.9672352,-119.5393104,"Copper","Unclear"
"159","Deloro",49.7137,-117.6219,"Lead","Unclear"
"160","Deloro",49.7137,-117.6219,"Zinc","Unclear"
"161","Deloro",64.8765911,20.2881601,"Gold","Unclear"
"162","Detour Lake",67.4147508,26.5424919,"Nickel","Open pit"
"163","Detour Lake",67.4147508,26.5424919,"Copper","Open pit"
"164","Detour Lake",67.4147508,26.5424919,"Nickel","Open pit"
"165","Detour Lake",67.4147508,26.5424919,"Copper","Open pit"
"166","Dimmel",45.168333,-61.599166,"Gold","Surface mine"
"167","Doyon",48.1371278,-79.4293664,"Iron","Unclear"
"168","Dzhida",49.6232695,-123.2038727,"Copper","Unclear"
"169","Echo Bay",47.2896327,-66.0748328,"Copper","Underground mine"
"170","Echo Bay",47.2896327,-66.0748328,"Lead","Underground mine"
"171","Echo Bay",47.2896327,-66.0748328,"Zinc","Underground mine"
"172","Echo Bay",47.2896327,-66.0748328,"Silver","Underground mine"
"173","Ellamar",47.2896327,-66.0748328,"Copper","Underground mine"
"174","Ellamar",47.2896327,-66.0748328,"Lead","Underground mine"
"175","Ellamar",47.2896327,-66.0748328,"Zinc","Underground mine"
"176","Fairbanks",47.2896327,-66.0748328,"Copper","Unclear"
"177","Fairbanks",47.2896327,-66.0748328,"Lead","Unclear"
"178","Fairbanks",47.2896327,-66.0748328,"Zinc","Unclear"
"179","Faith Creek",47.2896327,-66.0748328,"Copper","Unclear"
"180","Faith Creek",47.2896327,-66.0748328,"Lead","Unclear"
"181","Faith Creek",47.2896327,-66.0748328,"Zinc","Unclear"
"182","Falconbridge",47.2896327,-66.0748328,"Copper","Unclear"
"183","Falconbridge",47.2896327,-66.0748328,"Lead","Unclear"
"184","Falconbridge",47.2896327,-66.0748328,"Zinc","Unclear"
"185","Falu",46.78935649,-66.19823191,"Iron","Unclear"
"186","Flat Nickel",46.78935649,-66.19823191,"Iron","Unclear"
"187","Flin Flon",46.78935649,-66.19823191,"Iron","Unclear"
"188","Flin Flon",46.78935649,-66.19823191,"Iron","Unclear"
"189","Fortymile River",48.8254665,-56.8385577,"Zinc","Surface mine"
"190","Gállok/Kallak",48.1657607,-78.1832442,"Gold","Open pit"
"191","Garson",45.3188048,-71.8984378,"Copper","Underground mine"
"192","Gays River",45.057194,-62.941611,"Gold","Underground mine"
"193","Geco",44.70258183,-63.55356367,"Gold","Unclear"
"194","Geco",44.70258183,-63.55356367,"Gold","Unclear"
"195","Geco",44.70258183,-63.55356367,"Gold","Unclear"
"196","Gegogan",44.70258183,-63.55356367,"Gold","Unclear"
"197","Geitryggen",53.0110512,-66.9357687,"Iron","Surface mine"
"198","Geraldton",52.0346867,-75.1079065,"Gold","Underground mine"
"199","Giant",50.5416,-95.206,"Gold","Underground mine"
"200","Giant",50.8840614,-95.3943477,"Gold","Unclear"
"201","Giant",50.8840614,-95.3943477,"Gold","Unclear"
"202","Gold River",50.8840614,-95.3943477,"Gold","Unclear"
"203","Goldenville",66.2596141,-145.8213907,"Gold","Placer mine"
"204","Goldenville",61.6181715,-158.2970967,"Gold","Unclear"
"205","Goldstream Valley",61.6181715,-158.2970967,"Gold","Unclear"
"206","Greater Sudbury Region",61.6181715,-158.2970967,"Gold","Unclear"
"207","Greenex A/S",61.6181715,-158.2970967,"Gold","Unclear"
"208","Greens Creek",61.6181715,-158.2970967,"Gold","Unclear"
"209","Gronhogen",65.3,-140.3,"Gold","Placer mine"
"210","Gunnar",47.3902916,-79.6839877,"Silver","Unclear"
"211","Gunnar",49.6558785,-115.9469837,"Not stated","Underground mine"
"212","Hammaslahti",62.430874,-114.3760721,"Gold","Open pit"
"213","Harrigan Cove",62.4981407,-114.3602867,"Gold","Open pit"
"214","Harrigan Cove",62.4981407,-114.3602867,"Silver","Open pit"
"215","Harrigan Cove",62.4981407,-114.3602867,"Copper","Open pit"
"216","Heath Steele",62.4981407,-114.3602867,"Gold","Open pit"
"217","Heath Steele",62.4981407,-114.3602867,"Silver","Open pit"
"218","Heath Steele",62.4981407,-114.3602867,"Copper","Open pit"
"219","Heath Steele",62.4981407,-114.3602867,"Gold","Open pit"
"220","Heath Steele",62.4981407,-114.3602867,"Silver","Open pit"
"221","Heath Steele",62.4981407,-114.3602867,"Copper","Open pit"
"222","Hemlo",62.4981407,-114.3602867,"Gold","Open pit"
"223","Hemlo",62.4981407,-114.3602867,"Silver","Open pit"
"224","Hemlo",62.4981407,-114.3602867,"Copper","Open pit"
"225","Highland Valley Copper",62.4981407,-114.3602867,"Gold","Open pit"
"226","Hitura",62.4981407,-114.3602867,"Gold","Open pit"
"227","Hitura",46.4739357,-81.0836817,"Nickel","Open pit"
"228","Hitura",46.4739357,-81.0836817,"Copper","Open pit"
"229","Horne",46.4794757,-81.0856697,"Nickel","Open pit"
"230","Horne",46.4794757,-81.0856697,"Copper","Open pit"
"231","Isaac's Harbour",46.4794757,-81.0856697,"Copper","Open pit"
"232","Isaac's Harbour",46.4794757,-81.0856697,"Nickel","Open pit"
"233","Island Copper",46.5677602,-80.8591604,"Nickel","Open pit"
"234","Island Copper",46.5677602,-80.8591604,"Copper","Open pit"
"235","Island Copper",46.5677602,-80.8591604,"Nickel","Open pit"
"236","Island Copper",46.5677602,-80.8591604,"Copper","Open pit"
"237","Ivittuut",46.5677602,-80.8591604,"Nickel","Open pit"
"238","Ivittuut",46.5677602,-80.8591604,"Copper","Open pit"
"239","Ivittuut",44.7872787,-62.6912653,"Gold","Unclear"
"240","Joe Mann",44.7872787,-62.6912653,"Gold","Unclear"
"241","Junction Creek",44.7872787,-62.6912653,"Gold","Unclear"
"242","Juneau",44.7872787,-62.6912653,"Gold","Unclear"
"243","Kachkanarsky",44.7872787,-62.6912653,"Gold","Unclear"
"244","KamKotia",44.7872787,-62.6912653,"Gold","Unclear"
"245","Kangiqsujuaq",44.7872787,-62.6912653,"Gold","Unclear"
"246","Karabashmed",44.7872787,-62.6912653,"Gold","Unclear"
"247","Karelsky Okatysh",44.7872787,-62.6912653,"Gold","Unclear"
"248","Karnasurt",46.5677602,-80.8591604,"Nickel","Open pit"
"249","Karnasurt",46.5677602,-80.8591604,"Copper","Open pit"
"250","Karnasurt",46.5677602,-80.8591604,"Nickel","Open pit"
"251","Karnasurt",46.5677602,-80.8591604,"Copper","Open pit"
"252","Kaunisvaara",60.2041669,17.8598723,"Iron","Open pit"
"253","Kemerovo",64.0232863,-139.4986607,"Gold","Placer mine"
"254","Kemess",44.5096321,-77.6232056,"Gold","Surface mine"
"255","Kemess",44.5096321,-77.6232056,"Silver","Surface mine"
"256","Kemess",44.5096321,-77.6232056,"Lead","Surface mine"
"257","Kemess",44.5096321,-77.6232056,"Iron","Surface mine"
"258","Keno Hill District",65.6748615,-121.3557045,"Gold","Surface mine"
"259","Kensington",65.6748615,-121.3557045,"Gold","Surface mine"
"260","Kensington",50.0197117,-79.713936,"Gold","Open pit"
"261","Ketchem Creek",50.0190811,-79.7143097,"Gold","Open pit"
"262","Khovu-Aksy",49.5967295,-55.9324897,"Copper","Surface mine"
"263","Kidd Creek",48.2838025,-78.6390077,"Gold","Underground mine"
"264","Kidd Creek",50.6814127,106.1455789,"Molybdenum","Unclear"
"265","Kimheden",64.8786525,-147.8737996,"Gold","Surface mine"
"266","Kimheden",64.8786525,-147.8737996,"Gold","Surface mine"
"267","Kirkenes",64.8786525,-147.8737996,"Gold","Surface mine"
"268","Kirkland Lake",46.5765757,-80.7956887,"Nickel","Open pit"
"269","Kirovskii",60.5986686,15.6126743,"Copper","Open pit"
"270","Kiruna",58.6005788,7.8613803,"Nickel","Unclear"
"271","Kiruna",54.7793991,-101.9016437,"Copper","Open pit"
"272","Kiruna",54.7793991,-101.9016437,"Zinc","Open pit"
"273","Kittila",54.7692767,-101.8783835,"Copper","Open pit"
"274","Kittila",54.7692767,-101.8783835,"Zinc","Open pit"
"275","Knaben",54.7692767,-101.8783835,"Copper","Open pit"
"276","Knaben",54.7692767,-101.8783835,"Zinc","Open pit"
"277","Knaben",64.2426303,-141.7544097,"Gold","Placer mine"
"278","Kolmakof",66.47,19.7,"Iron","Unclear"
"279","Komsomolsk",45.0320218,-63.3434667,"Lead","Open pit"
"280","Komsomolsk",45.0320218,-63.3434667,"Zinc","Open pit"
"281","Komsomolsk",49.162334,-85.7776397,"Copper","Unclear"
"282","Komsomolsk",49.162334,-85.7776397,"Zinc","Unclear"
"283","Komsomolsk",49.162334,-85.7776397,"Gold","Unclear"
"284","Komsomolsk",49.162334,-85.7776397,"Copper","Unclear"
"285","Komsomolsk",49.162334,-85.7776397,"Zinc","Unclear"
"286","Komsomolsk",49.162334,-85.7776397,"Gold","Unclear"
"287","Komsomolsk",49.162334,-85.7776397,"Copper","Unclear"
"288","Komsomolsk",49.162334,-85.7776397,"Zinc","Unclear"
"289","Komsomolsk",49.162334,-85.7776397,"Gold","Unclear"
"290","Komsomolsk",62.1402632,9.9860452,"Copper","Unclear"
"291","Komsomolsk",62.1402632,9.9860452,"Zinc","Unclear"
"292","Kongsberg",62.1402632,9.9860452,"Copper","Unclear"
"293","Kongsberg",62.1402632,9.9860452,"Zinc","Unclear"
"294","Kotalahti",62.1402632,9.9860452,"Copper","Unclear"
"295","Kotalahti",62.1402632,9.9860452,"Zinc","Unclear"
"296","Kovdorskiy",51.51512439,-86.80577478,"Gold","Unclear"
"297","Kristineberg",51.51512439,-86.80577478,"Gold","Unclear"
"298","Ksenyevsky",51.51512439,-86.80577478,"Gold","Unclear"
"299","Kul-Yurt-Tau",51.51512439,-86.80577478,"Gold","Unclear"
"300","Kuranakh",45.0875508,-62.0078687,"Gold","Underground mine"
"301","Kursk Magnetic Anomaly",45.0875508,-62.0078687,"Gold","Underground mine"
"302","Lahnaslampi",64.9300968,-147.9879396,"Gold","Placer mine"
"303","Lahnaslampi",46.4477738,-81.0995537,"Nickel","Open pit"
"304","Laisvall",70.9619001,-52.8661734,"Zinc","Unclear"
"305","Laisvall",70.9619001,-52.8661734,"Lead","Unclear"
"306","Laver",58.08416,-134.63472,"Silver","Surface mine"
"307","Laver",58.08416,-134.63472,"Zinc","Surface mine"
"308","Laver",58.08416,-134.63472,"Gold","Surface mine"
"309","Laver",58.08416,-134.63472,"Lead","Surface mine"
"310","Lawrencetown",50.5137,-95.296,"Gold","Unclear"
"311","Lebedinsky",62.451757,30.0228707,"Zinc","Open pit"
"312","Lebedinsky",62.451757,30.0228707,"Copper","Open pit"
"313","Lebedinsky",62.451757,30.0228707,"Silver","Open pit"
"314","Little Bay",62.451757,30.0228707,"Zinc","Open pit"
"315","Little Bay",62.451757,30.0228707,"Copper","Open pit"
"316","Little Bay",62.451757,30.0228707,"Silver","Open pit"
"317","Ljusnarsberg",47.2903148,-66.0746731,"Copper","Underground mine"
"318","Ljusnarsberg",47.2903148,-66.0746731,"Lead","Underground mine"
"319","Ljusnarsberg",47.2903148,-66.0746731,"Zinc","Underground mine"
"320","Loberget",50.4861866,-121.0448943,"Copper","Open pit"
"321","Loberget",50.4861866,-121.0448943,"Molybdenum","Open pit"
"322","Løkken",63.837498,25.0117213,"Nickel","Open pit"
"323","Løkken",63.837498,25.0117213,"Copper","Open pit"
"324","Løkken",62.9358964,28.7081743,"Nickel","Surface mine"
"325","Løkken",62.9358964,28.7081743,"Copper","Surface mine"
"326","Lovisagruvan",62.9358964,28.7081743,"Nickel","Surface mine"
"327","Lovisagruvan",62.9358964,28.7081743,"Copper","Surface mine"
"328","Luikonlahti",62.9358964,28.7081743,"Nickel","Surface mine"
"329","Luikonlahti",62.9358964,28.7081743,"Copper","Surface mine"
"330","Luikonlahti",45.1985978,-61.6446547,"Gold","Unclear"
"331","Lupin",50.5949464,-127.4834817,"Copper","Open pit"
"332","Lupin",61.2065239,-48.1760627,"Lead","Unclear"
"333","Lynn Lake",49.92,74.73,"Copper","Unclear"
"334","Lynn Lake",49.92,74.73,"Zinc","Unclear"
"335","Lynn Lake",49.92,74.73,"Gold","Unclear"
"336","Lyubov",46.4694147,-81.0283317,"Nickel","Open pit"
"337","Maatheide",58.7657468,59.4984463,"Iron","Open pit"
"338","Madoc",58.7657468,59.4984463,"Iron","Open pit"
"339","Makola",48.5956485,-81.6035127,"Zinc","Unclear"
"340","Makola",48.5956485,-81.6035127,"Copper","Unclear"
"341","Malii Anza",63.81811613,-79.90396403,"Nickel","Unclear"
"342","Malii Anza",63.81811613,-79.90396403,"Gold","Unclear"
"343","Malmberget",63.81811613,-79.90396403,"Nickel","Unclear"
"344","Malmberget",63.81811613,-79.90396403,"Gold","Unclear"
"345","Mammoth Creek",63.81811613,-79.90396403,"Nickel","Unclear"
"346","Mammoth Creek",63.81811613,-79.90396403,"Gold","Unclear"
"347","Marmoraton Mining Company",63.81811613,-79.90396403,"Nickel","Unclear"
"348","Marmoraton Mining Company",63.81811613,-79.90396403,"Gold","Unclear"
"349","Maskwa nickel deposit",63.81811613,-79.90396403,"Nickel","Unclear"
"350","Maskwa nickel deposit",63.81811613,-79.90396403,"Gold","Unclear"
"351","Mattabi",63.93035042,32.88049942,"Iron","Unclear"
"352","MCP",67.414202,23.3398463,"Iron","Unclear"
"353","McQuesten River",55.4041922,85.802408,"Gold","Unclear"
"354","Meadowbank",57.001204,-126.7541167,"Gold","Open pit"
"355","Meadowbank",57.001204,-126.7541167,"Copper","Open pit"
"356","Meadowbank",63.9265206,-135.3288656,"Silver","Unclear"
"357","Meadowbank",58.8491308,-135.0636794,"Gold","Surface mine"
"358","Mestersvig",68.0720076,-163.1710781,"Gold","Open pit"
"359","Mestersvig",68.0720076,-163.1710781,"Zinc","Open pit"
"360","Mestersvig",68.0720076,-163.1710781,"Lead","Open pit"
"361","Mindamar",68.0720076,-163.1710781,"Gold","Open pit"
"362","Mindamar",68.0720076,-163.1710781,"Zinc","Open pit"
"363","Mindamar",68.0720076,-163.1710781,"Lead","Open pit"
"364","Misur",51.11747,93.6578,"Nickel","Unclear"
"365","Moira River",48.691036,-81.3932428,"Iron","Open pit"
"366","Monchegorsk",48.691036,-81.3932428,"Copper","Open pit"
"367","Monchegorsk",48.691036,-81.3932428,"Zinc","Open pit"
"368","Montague",65.0702882,18.5723293,"Copper","Open pit"
"369","Montague",65.0644996,18.5627685,"Copper","Open pit"
"370","Montague",69.7202908,30.0257143,"Iron","Underground mine"
"371","Montauban",67.664032,33.7370343,"Not stated","Surface mine"
"372","Mount Polley",67.664032,33.7370343,"Not stated","Surface mine"
"373","Mount Skukum",67.173325,20.654169,"Iron","Underground mine"
"374","Mount Washington",67.173325,20.654169,"Iron","Underground mine"
"375","Mount Washington",67.173325,20.654169,"Gold","Underground mine"
"376","Mountain Top",67.173325,20.654169,"Iron","Underground mine"
"377","Muscovite",67.7693992,23.9297358,"Gold","Open pit"
"378","Myra Falls",58.6624273,7.0612238,"Molybdenum","Surface mine"
"379","Nanisivik",64.675889,30.6971453,"Iron","Open pit"
"380","Nanisivik",54.2462042,85.7785177,"Lead","Open pit"
"381","Nanisivik",54.2462042,85.7785177,"Zinc","Open pit"
"382","Nanisivik",54.2462042,85.7785177,"Lead","Open pit"
"383","Nanisivik",54.2462042,85.7785177,"Zinc","Open pit"
"384","New Brunswick",50.6328114,137.1313293,"Gold","Unclear"
"385","New Brunswick",50.6328114,137.1313293,"Copper","Unclear"
"386","New Brunswick",50.6328114,137.1313293,"Zinc","Unclear"
"387","Nickel Center",50.6328114,137.1313293,"Gold","Unclear"
"388","Nickel Center",50.6328114,137.1313293,"Copper","Unclear"
"389","Nickel Center",50.6328114,137.1313293,"Zinc","Unclear"
"390","Nickel Rim",50.630647,137.1303303,"Not stated","Unclear"
"391","Nikel",50.630647,137.1303303,"Not stated","Unclear"
"392","Nikel",62.579944,27.608083,"Nickel","Open pit"
"393","Nolin",62.579944,27.608083,"Nickel","Open pit"
"394","Nome",62.579944,27.608083,"Nickel","Open pit"
"395","Noranda",67.560682,30.4263033,"Iron","Open pit"
"396","Noril’sk",65.0644996,18.5627685,"Copper","Open pit"
"397","North Rankin",52.6385062,58.2990753,"Iron","Open pit"
"398","Novii Berikul’",58.8305771,125.8275453,"Gold","Unclear"
"399","NR",51.2599623,37.7222653,"Iron","Open pit"
"400","NR",64.1177213,28.0623323,"Nickel","Surface mine"
"401","NR",64.1177213,28.0623323,"Nickel","Surface mine"
"402","NR",66.1508202,17.1600543,"Lead","Underground mine"
"403","NR",66.1508202,17.1600543,"Zinc","Underground mine"
"404","NR",66.1508202,17.1600543,"Silver","Underground mine"
"405","NR",65.7740232,20.2269712,"Copper","Open pit"
"406","NR",51.2599623,37.7222653,"Iron","Open pit"
"407","NR",49.5689125,-56.0042147,"Copper","Unclear"
"408","NR",59.8933147,14.9659133,"Copper","Unclear"
"409","NR",60.1918,15.3146,"Copper","Open pit"
"410","NR",63.1232164,9.6804603,"Copper","Underground mine"
"411","NR",63.1232164,9.6804603,"Zinc","Underground mine"
"412","NR",63.1232164,9.6804603,"Silver","Underground mine"
"413","NR",63.1232164,9.6804603,"Gold","Underground mine"
"414","NR",58.81617104,8.9193084,"Copper","Unclear"
"415","NR",58.81617104,8.9193084,"Zinc","Unclear"
"416","NR",58.81617104,8.9193084,"Silver","Unclear"
"417","NR",58.81617104,8.9193084,"Molybdenum","Unclear"
"418","NR",58.81617104,8.9193084,"Copper","Unclear"
"419","NR",58.81617104,8.9193084,"Zinc","Unclear"
"420","NR",58.81617104,8.9193084,"Silver","Unclear"
"421","NR",58.81617104,8.9193084,"Molybdenum","Unclear"
"422","NR",58.81617104,8.9193084,"Copper","Unclear"
"423","NR",58.81617104,8.9193084,"Zinc","Unclear"
"424","NR",58.81617104,8.9193084,"Silver","Unclear"
"425","NR",58.81617104,8.9193084,"Molybdenum","Unclear"
"426","NR",59.7140191,15.1387256,"Lead","Unclear"
"427","NR",59.7140191,15.1387256,"Zinc","Unclear"
"428","NR",59.7140191,15.1387256,"Gold","Unclear"
"429","NR",62.9351054,28.7092413,"Copper","Underground mine"
"430","NR",62.9351054,28.7092413,"Zinc","Underground mine"
"431","NR",65.7571994,-111.2556299,"Gold","Surface mine"
"432","NR",56.8258756,-101.3589673,"Nickel","Surface mine"
"433","NR",56.8258756,-101.3589673,"Copper","Surface mine"
"434","NR",56.8258756,-101.3589673,"Gold","Surface mine"
"435","NR",56.8258756,-101.3589673,"Zinc","Surface mine"
"436","NR",44.4957083,-77.5373997,"Gold","Surface mine"
"437","NR",44.4957083,-77.5373997,"Silver","Surface mine"
"438","NR",44.4957083,-77.5373997,"Lead","Surface mine"
"439","NR",44.4957083,-77.5373997,"Iron","Surface mine"
"440","NS",44.4813087,-77.6610232,"Iron","Surface mine"
"441","NS",50.4336114,-95.4503577,"Copper","Open pit"
"442","NS",67.912847,32.8558033,"Copper","Surface mine"
"443","NS",67.912847,32.8558033,"Nickel","Surface mine"
"444","NS",67.912847,32.8558033,"Copper","Surface mine"
"445","NS",67.912847,32.8558033,"Nickel","Surface mine"
"446","NS",63.6909095,-137.4479384,"Gold","Placer mine"
"447","NS",65.0226941,-96.0712891,"Gold","Open pit"
"448","NS",62.8325284,-92.160825,"Nickel","Underground mine"
"449","NS",62.8325284,-92.160825,"Nickel","Underground mine"
"450","NS",72.2050466,-24.0986627,"Lead","Underground mine"
"451","NS",72.2050466,-24.0986627,"Zinc","Underground mine"
"452","NS",45.7284457,-60.4388247,"Zinc","Open pit"
"453","NS",45.7284457,-60.4388247,"Lead","Open pit"
"454","NS",45.7284457,-60.4388247,"Copper","Open pit"
"455","NS",43.23833,44.31444,"Lead","Unclear"
"456","NS",43.23833,44.31444,"Zinc","Unclear"
"457","NS",44.1775728,-77.2316107,"Iron","Unclear"
"458","NS",44.1775728,-77.2316107,"Gold","Unclear"
"459","NS",44.1775728,-77.2316107,"Copper","Unclear"
"460","NS",67.912847,32.8558033,"Copper","Surface mine"
"461","NS",67.912847,32.8558033,"Nickel","Surface mine"
"462","NS",44.7276856,-63.5258688,"Gold","Surface mine"
"463","NS",46.8394256,-72.3491607,"Zinc","Surface mine"
"464","NS",46.8394256,-72.3491607,"Lead","Surface mine"
"465","NS",46.8394256,-72.3491607,"Copper","Surface mine"
"466","NS",46.8394256,-72.3491607,"Gold","Surface mine"
"467","NS",46.8394256,-72.3491607,"Silver","Surface mine"
"468","NS",52.5430767,-121.6351226,"Copper","Open pit"
"469","NS",52.5430767,-121.6351226,"Gold","Open pit"
"470","NS",49.7539084,-125.2189137,"Copper","Open pit"
"471","NS",66.3373,33.6858,"Copper","Unclear"
"472","NS",66.3373,33.6858,"Lead","Unclear"
"473","NS",66.3373,33.6858,"Zinc","Unclear"
"474","NS",49.576039,-125.6057699,"Copper","Open pit"
"475","NS",49.576039,-125.6057699,"Lead","Open pit"
"476","NS",49.576039,-125.6057699,"Zinc","Open pit"
"477","NS",73.0151206,-84.6166947,"Lead","Unclear"
"478","NS",73.0151206,-84.6166947,"Zinc","Unclear"
"479","NS",73.0223316,-84.4964497,"Lead","Unclear"
"480","NS",73.0223316,-84.4964497,"Zinc","Unclear"
"481","NS",73.0151206,-84.6166947,"Lead","Unclear"
"482","NS",73.0151206,-84.6166947,"Zinc","Unclear"
"483","NS",47.626054,-65.6982327,"Zinc","Unclear"
"484","NS",46.4799367,-80.8449027,"Nickel","Unclear"
"485","NS",46.6625545,-80.8025149,"Nickel","Underground mine"
"486","NS",46.6625545,-80.8025149,"Copper","Underground mine"
"487","NS",68.96412,32.8059412,"Nickel","Unclear"
"488","NS",68.96412,32.8059412,"Copper","Unclear"
"489","NS",68.96412,32.8059412,"Nickel","Unclear"
"490","NS",68.96412,32.8059412,"Copper","Unclear"
"491","NS",64.5120147,-165.5594813,"Gold","Placer mine"
"492","NS",49.159594,-85.8012277,"Copper","Unclear"
"493","NS",49.159594,-85.8012277,"Zinc","Unclear"
"494","NS",69.3870439,88.1090863,"Nickel","Surface mine"
"495","NS",55.7609293,88.2758401,"Gold","Unclear"
"496","NS",55.7609293,88.2758401,"Gold","Unclear"
"497","NS",55.7609293,88.2758401,"Gold","Unclear"
"498","NS",46.4777747,-80.7978187,"Nickel","Open pit"
"499","NS",64.80881484,-151.0943349,"Not stated","Unclear"
"500","NS",67.543117,154.2061673,"Gold","Unclear"
"501","NS",50.6328114,137.1313293,"Gold","Unclear"
"502","NS",62.37,113.3,"Gold","Unclear"
"503","NS",62.6875722,29.0244472,"Copper","Underground mine"
"504","NS",62.6875722,29.0244472,"Nickel","Underground mine"
"505","Nussir ASA",50,122,"Gold","Placer mine"
"506","Ogama-Rockland",46.5839,-81.6395,"Nickel","Unclear"
"507","Ogama-Rockland",46.5839,-81.6395,"Copper","Unclear"
"508","Oldham",57.2469,92.249,"Gold","Placer mine"
"509","Olenegorsk",50.6328114,137.1313293,"Copper","Unclear"
"510","Olenegorsk",50.6328114,137.1313293,"Nickel","Unclear"
"511","Olenegorsk",59.9854873,15.7511798,"Not stated","Unclear"
"512","Olenegorsk",64.80881484,-151.0943349,"Gold","Unclear"
"513","Olenegorsk",49.67249276,-64.2981341,"Lead","Unclear"
"514","Olenegorsk",49.67249276,-64.2981341,"Zinc","Unclear"
"515","Orijärvi",54.46544953,-124.3148057,"Gold","Unclear"
"516","Orijärvi",54.46544953,-124.3148057,"Copper","Unclear"
"517","Orijärvi",54.46544953,-124.3148057,"Zinc","Unclear"
"518","Orijärvi",48.2256826,-79.0921567,"Not stated","Unclear"
"519","Outokumpu",51.074934,-93.7429232,"Gold","Underground mine"
"520","Outokumpu",75.3999633,-96.7959697,"Lead","Unclear"
"521","Outokumpu",75.3999633,-96.7959697,"Zinc","Unclear"
"522","Outokumpu",52.66457725,-121.895999,"Not stated","Unclear"
"523","Pahtavaara",54.46544953,-124.3148057,"Not stated","Unclear"
"524","Paroistenjarvi",62.7209585,29.0048597,"Copper","Unclear"
"525","Pechenganikel",54.46544953,-124.3148057,"Copper","Unclear"
"526","Pechenganikel",54.46544953,-124.3148057,"Zinc","Unclear"
"527","Pechenganikel",57.6814969,-103.3322077,"Iron","Unclear"
"528","Placer Dome Campbell",60.94374989,14.45096543,"Copper","Unclear"
"529","Polaris",49.09074633,-69.32935172,"Gold","Unclear"
"530","Polaris",49.09074633,-69.32935172,"Copper","Unclear"
"531","Polaris",49.09074633,-69.32935172,"Zinc","Unclear"
"532","Polaris",45.3100478,-64.2013277,"Not stated","Unclear"
"533","Pope's Harbour",49.162334,-85.7776397,"Copper","Unclear"
"534","Pope's Harbour",49.162334,-85.7776397,"Zinc","Unclear"
"535","Port Dufferin",63.89299878,135.5602596,"Gold","Open pit"
"536","Prairie Creek ",49.9282044,-74.8165527,"Copper","Unclear"
"537","Prairie Creek ",49.9282044,-74.8165527,"Gold","Unclear"
"538","Ptarmigan Creek",45.168333,-61.599166,"Gold","Surface mine"
"539","Pyhäsalmi",45.118964,-62.012244,"Gold","Surface mine"
"540","Pyhäsalmi",63.89299878,135.5602596,"Lead","Open pit"
"541","Pyhäsalmi",63.89299878,135.5602596,"Zinc","Open pit"
"542","Pyhäsalmi",54.02,-125.06,"Molybdenum","Open pit"
"543","Pyhäsalmi",61.94334958,8.694582146,"Unclear","Unclear"
"544","Pyhäsalmi",69.45614171,30.39069063,"Unclear","Unclear"
"545","Qamani’tuaq",58.6056109,125.3123496,"Gold","Unclear"
"546","Quartz Hill",51.0555152,-93.8578029,"Gold","Unclear"
"547","Raglan",58.1,16,"Not stated","Unclear"
"548","Raglan",55.2501244,-129.8282488,"Molybdenum","Unclear"
"549","Raglan",68.03073792,26.1279951,"Not stated","Open pit"
"550","Rassvumchorrskii",67.48179752,20.54694013,"Iron","Underground mine"
"551","Rautuvaara",67.48179752,20.54694013,"Iron","Underground mine"
"552","Red Devil",71.1271067,-51.2477887,"Zinc","Unclear"
"553","Red Devil",71.1271067,-51.2477887,"Lead","Unclear"
"554","Red Dog",67.414089,23.3420873,"Iron","Open pit"
"555","Red Dog",60.2151823,5.7909757,"Iron","Unclear"
"556","Red Dog",67.39887624,37.60576494,"Copper","Unclear"
"557","Red Dog",67.39887624,37.60576494,"Nickel","Unclear"
"558","Red Lake",60.3430626,90.0774683,"Gold","Unclear"
"559","Red Mountain",64.271242,-149.2465684,"Gold","Placer mine"
"560","Red Top Mine",67.45941905,26.57935656,"Gold","Unclear"
"561","Regional",44.8704894,-79.5238386,"Gold","Unclear"
"562","Regional",65.58877432,22.15457059,"Iron","Underground mine"
"563","Regional",48.0817446,-77.6166317,"Gold","Open pit"
"564","Regional",60.62069876,59.17625424,"Not stated","Unclear"
"565","Regional",68.96412,32.8059412,"Iron","Unclear"
"566","Regional",68.96412,32.8059412,"Nickel","Unclear"
"567","Regional",70.4004114,24.2824875,"Copper","Unclear"
"568","Regional",68.149044,33.1930693,"Iron","Open pit"
"569","Regional",67.912847,32.8558033,"Nickel","Surface mine"
"570","Regional",67.912847,32.8558033,"Iron","Surface mine"
"571","Regional",67.912847,32.8558033,"Copper","Surface mine"
"572","Regional",67.912847,32.8558033,"Nickel","Surface mine"
"573","Regional",67.912847,32.8558033,"Iron","Surface mine"
"574","Regional",67.912847,32.8558033,"Copper","Surface mine"
"575","Regional",60.2290846,23.5371853,"Copper","Surface mine"
"576","Regional",60.2290846,23.5371853,"Lead","Surface mine"
"577","Regional",60.2290846,23.5371853,"Zinc","Surface mine"
"578","Regional",60.2292496,23.5376113,"Copper","Surface mine"
"579","Regional",60.2292496,23.5376113,"Lead","Surface mine"
"580","Regional",60.2292496,23.5376113,"Zinc","Surface mine"
"581","Regional",62.7209585,29.0048597,"Copper","Unclear"
"582","Regional",62.7209585,29.0048597,"Nickel","Unclear"
"583","Regional",63.6610329,26.0381569,"Zinc","Unclear"
"584","Regional",63.6610329,26.0381569,"Copper","Unclear"
"585","Regional",63.6610329,26.0381569,"Nickel","Unclear"
"586","Regional",63.6610329,26.0381569,"Zinc","Unclear"
"587","Regional",63.6610329,26.0381569,"Copper","Unclear"
"588","Regional",63.6610329,26.0381569,"Nickel","Unclear"
"589","Regional",63.6610329,26.0381569,"Zinc","Unclear"
"590","Regional",63.6610329,26.0381569,"Copper","Unclear"
"591","Regional",63.6610329,26.0381569,"Nickel","Unclear"
"592","Regional",63.6610329,26.0381569,"Nickel","Unclear"
"593","Regional",63.6610329,26.0381569,"Zinc","Unclear"
"594","Regional",63.6610329,26.0381569,"Copper","Unclear"
"595","Regional",63.6610329,26.0381569,"Iron","Unclear"
"596","Regional",63.6610329,26.0381569,"Nickel","Unclear"
"597","Regional",63.6610329,26.0381569,"Zinc","Unclear"
"598","Regional",63.6610329,26.0381569,"Copper","Unclear"
"599","Regional",63.6610329,26.0381569,"Iron","Unclear"
"600","Regional",63.6610329,26.0381569,"Nickel","Unclear"
"601","Regional",63.6610329,26.0381569,"Zinc","Unclear"
"602","Regional",63.6610329,26.0381569,"Copper","Unclear"
"603","Regional",63.6610329,26.0381569,"Iron","Unclear"
"604","Regional",69.449156,30.3915533,"Nickel","Surface mine"
"605","Regional",69.418053,30.2378393,"Nickel","Surface mine"
"606","Regional",51.0655754,-93.7523897,"Gold","Underground mine"
"607","Regional",62.4181175,-127.2057647,"Lead","Unclear"
"608","Regional",62.4181175,-127.2057647,"Zinc","Unclear"
"609","Regional",62.4181175,-127.2057647,"Copper","Unclear"
"610","Regional",62.4181175,-127.2057647,"Silver","Unclear"
"611","Regional",65.2562339,-146.8740396,"Gold","Placer mine"
"612","Regional",63.6643914,25.9144764,"Zinc","Underground mine"
"613","Regional",63.6643914,25.9144764,"Copper","Underground mine"
"614","Regional",55.350994,-131.6413637,"Molybdenum","Unclear"
"615","Regional",48.1953196,-78.8160227,"Nickel","Unclear"
"616","Regional",67.4973604,23.9301395,"Iron","Unclear"
"617","Regional",67.4973604,23.9301395,"Copper","Unclear"
"618","Regional",68.0720076,-163.1710781,"Zinc","Open pit"
"619","Regional",68.0720076,-163.1710781,"Lead","Open pit"
"620","Regional",49.0074065,-121.6273077,"Gold","Unclear"
"621","Regional",46.90892956,-66.22985818,"Lead","Unclear"
"622","Regional",46.90892956,-66.22985818,"Zinc","Unclear"
"623","Regional",47.61826099,-65.65600202,"Lead","Unclear"
"624","Regional",53.9430887,-61.27384724,"Not stated","Unclear"
"625","Regional",53.9430887,-61.27384724,"Iron","Surface mine"
"626","Regional",67.01628935,20.18730118,"Iron","Underground mine"
"627","Regional",48.073611,-78.302777,"Copper","Unclear"
"628","Regional",48.073611,-78.302777,"Zinc","Unclear"
"629","Regional",46.29027,-78.99083,"Nickel","Unclear"
"630","Regional",73.44728947,104.4045048,"Not stated","Unclear"
"631","Regional",44.71819718,-63.69638594,"Gold","Unclear"
"632","Regional",57.6814969,-103.3322077,"Gold","Unclear"
"633","Regional",64.18242973,26.96954594,"Copper","Unclear"
"634","Regional",57.6814969,-103.3322077,"Not stated","Unclear"
"635","Regional",63.84547635,16.70831521,"Iron","Underground mine"
"636","Regional",57.6814969,-103.3322077,"Copper","Underground mine"
"637","Regional",63.84547635,16.70831521,"Zinc","Underground mine"
"638","Regional",63.84547635,16.70831521,"Lead","Underground mine"
"639","Regional",63.84547635,16.70831521,"Iron","Unclear"
"640","Regional",64.18242973,26.96954594,"Iron","Unclear"
"641","Regional",63.84547635,16.70831521,"Iron","Underground mine"
"642","Regional",51.5287961,-86.60802086,"Copper","Underground mine"
"643","Regional",51.5287961,-86.60802086,"Zinc","Underground mine"
"644","Regional",51.5287961,-86.60802086,"Gold","Unclear"
"645","Regional",46.49905213,-81.02009508,"Nickel","Open pit"
"646","Regional",47.76469833,-86.90974293,"Copper","Surface mine"
"647","Regional",47.76469833,-86.90974293,"Nickel","Surface mine"
"648","Regional",51.5287961,-86.60802086,"Gold","Underground mine"
"649","Regional",51.5287961,-86.60802086,"Nickel","Underground mine"
"650","Regional",51.5287961,-86.60802086,"Iron","Underground mine"
"651","Regional",46.46139941,-81.01119431,"Nickel","Unclear"
"652","Regional",46.46139941,-81.01119431,"Copper","Unclear"
"653","Regional",46.4,-81,"Nickel","Surface mine"
"654","Regional",46.49905213,-81.02009508,"Nickel","Unclear"
"655","Regional",46.49905213,-81.02009508,"Copper","Unclear"
"656","Regional",51.5287961,-86.60802086,"Unclear","Unclear"
"657","Regional",51.5287961,-86.60802086,"Gold","Underground mine"
"658","Regional",51.5287961,-86.60802086,"Gold","Unclear"
"659","Regional",46.40652447,-84.89733753,"Not stated","Unclear"
"660","Regional",44.66936494,-79.76717837,"Nickel","Surface mine"
"661","Regional",51.5287961,-86.60802086,"Gold","Unclear"
"662","Regional",51.5287961,-86.60802086,"Unclear","Unclear"
"663","Regional",47.81355117,-80.3206284,"Not stated","Unclear"
"664","Regional",52.5321,58.1321,"Copper","Unclear"
"665","Regional",52.5321,58.1321,"Zinc","Unclear"
"666","Regional",52.5321,58.1321,"Iron","Unclear"
"667","Regional",52.5321,58.1321,"Nickel","Unclear"
"668","Regional",52.5321,58.1321,"Lead","Unclear"
"669","Regional",46.49905213,-81.02009508,"Nickel","Underground mine"
"670","Regional",46.49905213,-81.02009508,"Copper","Surface mine"
"671","Regional",46.49905213,-81.02009508,"Nickel","Surface mine"
"672","Regional",46.49905213,-81.02009508,"Nickel","Surface mine"
"673","Regional",46.49905213,-81.02009508,"Copper","Surface mine"
"674","Regional",51.5287961,-86.60802086,"Nickel","Unclear"
"675","Regional",51.5287961,-86.60802086,"Gold","Unclear"
"676","Regional",51.5287961,-86.60802086,"Nickel","Unclear"
"677","Regional",51.5287961,-86.60802086,"Not stated","Unclear"
"678","Regional",47.57495283,-81.88794211,"Unclear","Unclear"
"679","Regional",46.4694147,-81.0283317,"Nickel","Open pit"
"680","Regional",46.4694147,-81.0283317,"Copper","Open pit"
"681","Regional",51.5287961,-86.60802086,"Nickel","Underground mine"
"682","Rivlidmyran",48.2645041,-78.12141311,"Nickel","Unclear"
"683","Rivlidmyran",48.2645041,-78.12141311,"Zinc","Unclear"
"684","Rouyn-Noranda",51.41969386,-73.35880845,"Nickel","Unclear"
"685","Rouyn-Noranda",51.41969386,-73.35880845,"Copper","Unclear"
"686","Rouyn-Noranda",51.41969386,-73.35880845,"Zinc","Unclear"
"687","Rouyn-Noranda",51.41969386,-73.35880845,"Lead","Unclear"
"688","Rouyn-Noranda",49.77409717,-79.4672072,"Nickel","Unclear"
"689","Rouyn-Noranda",49.77409717,-79.4672072,"Copper","Unclear"
"690","Rouyn-Noranda",49.77409717,-79.4672072,"Lead","Unclear"
"691","Rouyn-Noranda",49.77409717,-79.4672072,"Zinc","Unclear"
"692","Rudolfsgruvan",48.6202039,-78.4138022,"Zinc","Surface mine"
"693","Rudolfsgruvan",48.6202039,-78.4138022,"Copper","Surface mine"
"694","Ruttan",48,79,"Zinc","Unclear"
"695","Ruttan",48,79,"Copper","Unclear"
"696","Sahara",45.19455063,134.8168541,"Not stated","Unclear"
"697","Sala Mining Town",51.45310088,-73.21718844,"Gold","Underground mine"
"698","Salair",51.45310088,-73.21718844,"Gold","Open pit"
"699","Salair",48.64209841,-77.94813482,"Iron","Unclear"
"700","Salluit",51.45310088,-73.21718844,"Copper","Underground mine"
"701","Salluit",51.45310088,-73.21718844,"Zinc","Underground mine"
"702","Salluit",51.45310088,-73.21718844,"Iron","Underground mine"
"703","Salluit",51.45310088,-73.21718844,"Gold","Underground mine"
"704","Salluit",51.45310088,-73.21718844,"Lead","Underground mine"
"705","Schefferville",46.4734787,-80.9880502,"Nickel","Open pit"
"706","Schefferville",46.4734787,-80.9880502,"Copper","Open pit"
"707","Seal Harbour",45.63492289,-73.83138057,"Iron","Unclear"
"708","Seal Harbour",45.69939535,-72.26131473,"Lead","Unclear"
"709","Seal Harbour",46.22,81.04,"Nickel","Open pit"
"710","Seal Harbour",46.22,81.04,"Copper","Open pit"
"711","Severonickel",48.7616848,-91.6446234,"Iron","Unclear"
"712","Severonickel",51.45310088,-73.21718844,"Gold","Unclear"
"713","Severonickel",51.45310088,-73.21718844,"Copper","Unclear"
"714","Severonickel",51.45310088,-73.21718844,"Zinc","Unclear"
"715","Shebandowan",64.18242973,26.96954594,"Not stated","Unclear"
"716","Sherman",65.88634856,-45.45584199,"Zinc","Unclear"
"717","Sherman",65.88634856,-45.45584199,"Iron","Unclear"
"718","Sherritt-Gordon",61.94334958,9.441652497,"Not stated","Unclear"
"719","Sigma-Lamaque",63.84547635,16.70831521,"Not stated","Unclear"
"720","Sikhote Alin Ridge",62.25584182,98.90449348,"Not stated","Unclear"
"721","Sitka",48.1371277,-79.4294018,"Copper","Unclear"
"722","Sitka",48.1371277,-79.4294018,"Zinc","Unclear"
"723","South Bay",46.5830385,-81.6395812,"Nickel","Unclear"
"724","South Bay",46.5830385,-81.6395812,"Copper","Unclear"
"725","South Bay",46.5830385,-81.6395812,"Iron","Unclear"
"726","Steep Rock",63.84547635,16.70831521,"Copper","Open pit"
"727","Steep Rock",63.84547635,16.70831521,"Zinc","Open pit"
"728","Steep Rock",63.84547635,16.70831521,"Lead","Open pit"
"729","Steep Rock",63.84547635,16.70831521,"Gold","Open pit"
"730","Steep Rock",63.84547635,16.70831521,"Silver","Open pit"
"731","Stora Sahavaar",46.5830387,-81.6395448,"Nickel","Unclear"
"732","Sudbury Operations, INCO Ltd",62.25584182,98.90449348,"Iron","Unclear"
"733","Sudbury Operations, INCO Ltd",62.25584182,98.90449348,"Copper","Unclear"
"734","Sudbury Operations, INCO Ltd",62.25584182,98.90449348,"Gold","Unclear"
"735","Sullivan",48.4605313,-78.9468985,"Copper","Surface mine"
"736","Sullivan",48.4605313,-78.9468985,"Zinc","Surface mine"
"737","Sydvaranger",46.4777747,-80.7978187,"Nickel","Open pit"
"738","Talvivaara",73.14291464,94.59785308,"Not stated","Unclear"
"739","Talvivaara",57.78772691,59.00047298,"Unclear","Unclear"
"740","Talvivaara",46.57179363,-81.02146837,"Nickel","Surface mine"
"741","Talvivaara",64.85354846,17.90809481,"Unclear","Placer mine"
"742","Tapuli",66.67654969,128.4863022,"Not stated","Open pit"
"743","Teisk",64.75137369,20.95079912,"Zinc","Open pit"
"744","Teisk",64.75137369,20.95079912,"Copper","Open pit"
"745","Teisk",64.75137369,20.95079912,"Lead","Open pit"
"746","Terra",64.75137369,20.95079912,"Zinc","Open pit"
"747","Terra",64.75137369,20.95079912,"Copper","Open pit"
"748","Terra",64.75137369,20.95079912,"Lead","Open pit"
"749","Thompson Operations, INCO Ltd ",48.2256826,-79.0921567,"Copper","Surface mine"
"750","Thompson Operations, INCO Ltd ",48.2256826,-79.0921567,"Zinc","Surface mine"
"751","Threeman",48.2256826,-79.0921567,"Copper","Unclear"
"752","Threeman",48.2256826,-79.0921567,"Zinc","Unclear"
"753","Timmins",61.1184661,14.6520517,"Copper","Surface mine"
"754","Timmins",61.1184661,14.6520517,"Iron","Surface mine"
"755","Timmins",61.1184661,14.6520517,"Nickel","Surface mine"
"756","Tolovana Mining Area",56.4730099,-99.6502057,"Copper","Open pit"
"757","Tolovana Mining Area",56.4730099,-99.6502057,"Zinc","Open pit"
"758","Treadwell",59.9223349,16.5432706,"Silver","Surface mine"
"759","Trout Lake",54.8145501,-66.9253627,"Iron","Open pit"
"760","Tsentralnaya",45.1012,-61.3603,"Gold","Unclear"
"761","Tungir",45.1206,-61.3812,"Gold","Unclear"
"762","Tyrnyauz",48.6276805,-90.0931168,"Nickel","Underground mine"
"763","Tyrnyauz",48.6276805,-90.0931168,"Copper","Underground mine"
"764","Udden",47.0606266,-79.7928187,"Iron","Unclear"
"765","Umbozerskii",55.13639,-101.109757,"Zinc","Unclear"
"766","Umbozerskii",55.13639,-101.109757,"Copper","Unclear"
"767","Umbozerskii",48.099365,-77.7578725,"Gold","Underground mine"
"768","Ursk",44.3,135.4,"Lead","Unclear"
"769","Ursk",44.3,135.4,"Zinc","Unclear"
"770","Ursk",44.3,135.4,"Copper","Unclear"
"771","Ursk",51.0771513,-92.7573567,"Copper","Underground mine"
"772","Ursk",51.0771513,-92.7573567,"Zinc","Underground mine"
"773","Ursk",48.7963745,-91.6455637,"Iron","Open pit"
"774","Ursk",67.2138861,23.3358958,"Iron","Open pit"
"775","Urupsky",67.2138861,23.3358958,"Iron","Open pit"
"776","Uryum",46.4850407,-81.0494627,"Nickel","Open pit"
"777","Uryum",46.4850407,-81.0494627,"Copper","Open pit"
"778","Val-d'Or",49.654935,-115.9473647,"Lead","Open pit"
"779","Val-d'Or",49.654935,-115.9473647,"Zinc","Open pit"
"780","Val-d'Or",49.654935,-115.9473647,"Silver","Open pit"
"781","Vale Inco Ltd.",69.7202908,30.0257143,"Iron","Underground mine"
"782","Vihanti",63.9674139,27.9947027,"Nickel","Open pit"
"783","Vihanti",63.9674139,27.9947027,"Zinc","Open pit"
"784","Vihanti",63.9674139,27.9947027,"Copper","Open pit"
"785","Visnes",55.7586362,-97.9155672,"Nickel","Surface mine"
"786","Visnes",55.7586362,-97.9155672,"Copper","Surface mine"
"787","Visokogorsky",64.8511096,-149.8483428,"Gold","Placer mine"
"788","Vitim-Olekma",43.394721,42.9127363,"Molybdenum","Surface mine"
"789","Voisey’s Bay",54.4499141,85.4040653,"Gold","Open pit"
"790","Waverley",43.8149258,41.1709023,"Copper","Unclear"
"791","Wells",48.0817446,-77.6166317,"Copper","Open pit"
"792","Wells",48.0817446,-77.6166317,"Zinc","Open pit"
"793","Westmin Resources Limited",46.4712147,-81.0452107,"Copper","Surface mine"
"794","Westmin Resources Limited",46.4712147,-81.0452107,"Nickel","Surface mine"
"795","Westwood",59.3567867,5.2296113,"Copper","Unclear"
"796","Whistle",57.85015205,114.1968089,"Gold","Unclear"
"797","Whitehorse",56.3359699,-62.0977539,"Nickel","Open pit"
"798","Willow Creek",44.77364,-63.6235036,"Gold","Surface mine"
"799","Wilroy",53.0995308,-121.7812266,"Gold","Unclear"
"800","Wine Harbour",49.7040647,-125.8544869,"Copper","Unclear"
"801","Wine Harbour",49.7040647,-125.8544869,"Lead","Unclear"
"802","Wine Harbour",49.7040647,-125.8544869,"Zinc","Unclear"
"803","Xstrata Nickel",48.15,78.32,"Gold","Underground mine"
"804","Young-Davidson",46.5830387,-81.6395448,"Nickel","Underground mine"
"805","Young-Davidson",46.5830387,-81.6395448,"Copper","Underground mine"
"806","Zakamensk",47.9465876,-80.6832227,"Gold","Open pit"
"807","Zapoljarnij",50.3805864,103.3155793,"Molybdenum","Unclear"
"808","Zapoljarnij",50.3805864,103.3155793,"Gold","Unclear"
